{
  "project_info": {
    "project_number": "994411283996",
    "project_id": "fir-97bbb",
    "storage_bucket": "fir-97bbb.appspot.com"
  },
  "client": [
    {
      "client_info": {
        "mobilesdk_app_id": "1:994411283996:android:36b5783d33ff96a58841d9",
        "android_client_info": {
          "package_name": "com.example.mvvmkotlinexample"
        }
      },
      "oauth_client": [
        {
          "client_id": "994411283996-00lct2cdbai9344hmhmn6g4cna5g8t07.apps.googleusercontent.com",
          "client_type": 3
        }
      ],
      "api_key": [
        {
          "current_key": "AIzaSyD1t7gX1VYvI9Qu6K2P5360O7AiDAzcHiE"
        }
      ],
      "services": {
        "appinvite_service": {
          "other_platform_oauth_client": [
            {
              "client_id": "994411283996-00lct2cdbai9344hmhmn6g4cna5g8t07.apps.googleusercontent.com",
              "client_type": 3
            }
          ]
        }
      }
    }
  ],
  "configuration_version": "1"
}